<?xml version="1.0" encoding="UTF-8"?>
<!DOCTYPE hibernate-mapping PUBLIC 
    "-//Hibernate/Hibernate Mapping DTD 3.0//EN"
    "http://www.hibernate.org/dtd/hibernate-mapping-3.0.dtd">
<hibernate-mapping>
	<!-- PO类的全名需要和数据库表的名字一一对应 -->
	<class name="com.student.domain.Student" table="student">
		<!-- PO类里的属性必须和数据库表的字段一一对应 -->
		<!-- 主键是一个特殊的属性 -->
		<id name="id" column="sid" type="int">
			<!-- 
				   主键生成策略：（OID <->TID）
			1.increment  先查询表ID的最大值，然后在这个基础上+1  ；select max(id) from 表+1
			2.identity     设置表主键列为自增，这个自增由数据库维护，等于mysql主键列的auto_increment
			3.sequence   序列号，oracle专用
			4.hilo			   hibernate框架自己生成和维护的一个序列号
			5.native		    根据使用的数据库，自动选取 increment,identity,sequence其中一个
			6.uuid		   32位无重复的字符串
			7.assigned     自然主键作为主键策略				   
			 -->			
			<generator class="native"></generator>
		</id>
		<!--	 name:	PO类属性的名字 
		      	column:数据库表字段这个列的名字 如果name和column的名字相同，可以省略column 
		      	例如：<property 	name="username"></property>
		  -->
		  <!-- 
		    数据类型有关：
		    type=""  ： 		表列的类型，可以是表列的类型 int,varchar,可以是java数据类型 java.lang.String，
		                           	也可以是hibernate的类型string,integer
		    length=""：  	表列长度
		    scale=""  ：		double 等浮点型的整数部分+小数部分的位数,列如998.99=>scale="5",precision="2"
		    precision=""： 	浮点型的精度，精确到小数点后几位		
		  表约束有三个：
		   unique="false" ：表列是否唯一 
		   not-null="true" ：表列是否为允许为空值
		   unique-key="" ：唯一键
		   
		   insert="true"   : 生成insert语句的时候，是否使用当前字段
		   update="true" ：生成update语句的时候，是否使用当前字段
		 -->		  
		<property name="name" column="sname" type="string"></property>	
		<property name="age" column="sage"></property>	
			<property name="sex" column="ssex"></property>	
	</class>
</hibernate-mapping>