<?xml version="1.0" encoding="UTF-8"?>
<beans xmlns="http://www.springframework.org/schema/beans"
	xmlns:xsi="http://www.w3.org/2001/XMLSchema-instance" xmlns:context="http://www.springframework.org/schema/context"
	xmlns:aop="http://www.springframework.org/schema/aop" xmlns:tx="http://www.springframework.org/schema/tx"
	xsi:schemaLocation="
								http://www.springframework.org/schema/beans 
								http://www.springframework.org/schema/beans/spring-beans.xsd
								http://www.springframework.org/schema/context
								http://www.springframework.org/schema/context/spring-context.xsd
								http://www.springframework.org/schema/aop 
								http://www.springframework.org/schema/aop/spring-aop.xsd
								http://www.springframework.org/schema/tx
								http://www.springframework.org/schema/tx/spring-tx.xsd
								">
	<!--1. 加载数据库连接的properties文件,在properties需要 ${key}取得值 在spring配置文件里引用地址必须要 
		classpath:文件地址(相对于src的地址) -->
	<context:property-placeholder location="classpath:db.properties" />

	<!-- 2. 创建c3p0数据源 -->
	<bean id="dataSource" class="com.mchange.v2.c3p0.ComboPooledDataSource">
		<property name="driverClass" value="${db.driverClass}"></property>
		<property name="jdbcUrl" value="${db.jdbcUrl}"></property>
		<property name="user" value="${db.user}"></property>
		<property name="password" value="${db.password}"></property>
	</bean>

	<!-- 3. 配置sessionFactory,让spring3接管Hibernate3 -->
	<bean id="sessionFactory"
		class="org.springframework.orm.hibernate3.LocalSessionFactoryBean">
		<property name="dataSource" ref="dataSource"></property>
		<!-- hibernateProperties，mappingLocations 可以用来代替hibernate.cfg.xml文件的内容 -->
		<property name="hibernateProperties">
			<props>
				<!-- 是否输出sql -->
				<prop key="show_sql">true</prop>
				<!-- 输出的sql语句要不要格式化 -->
				<prop key="hibernate.format_sql">true</prop>
				<!-- 自动同步数据表结构（自动建表） hbm2ddl-hibernate to ddl create-drop ：来无踪去影，hibernate框架启动创建表结构，hibernate框架关闭时删除表，建议极少用 
					create ：hibernate框架启动创建表结构（用的少） update ：数据库表不存在，创建表；如果表存在，表结构不一样，更新表,保留原表结构和数据（强烈建议用） 
					validate :只验证表结构，如果映射里配置的表结构和数据库表结构不一致，报异常（少数情况下用） 在调试阶段，hibernate.hbm2ddl.auto=update 
					上线之后，注释掉 -->
				<!-- <prop key="hibernate.hbm2ddl.auto">update</prop> -->
				<!-- 如果不用事务提交，要启动JDBC autocommit ;如果用到spring来管理事务，那么就不需要jdbc事务的自动提交 -->
				<!-- <prop key="hibernate.connection.autocommit">true</prop> -->
			</props>
		</property>
		<!-- 引入hibernate的映射文件 -->
		<property name="mappingLocations">
			<list>
				<value>classpath:com/student/domain/*.hbm.xml</value>		
			</list>
		</property>
	</bean>

	<!-- 4. 配置 StudentDao -->
	<!-- dao的id的名字一定要等于service层注入的dao的名字 -->
 	<bean id="studentDao" class="com.student.dao.impl.StudentDaoImpl">
		<property name="sessionFactory" ref="sessionFactory"></property>
	</bean> 

	<!-- 5. 配置 StudentService -->
	<!-- service 的id的名字一定要等于Action注入的studentService的名字 -->
	<bean id="studentService" class="com.student.service.impl.StudentServiceImpl">
		<property name="studentDao" ref="studentDao"></property>
	</bean> 

	<!-- 6. 配置StudentAction的bean -->
	<!-- 	
	<bean id="studentAction" class="com.student.action.StudentAction">
		<property name="studentService" ref="studentService"></property>
	</bean> 
	-->	
	<!--action配置需要修改-->
	<!--     <package name="student" extends="struts-default">
    	  <action name="*_student" class="studentAction"
			method="*">			
			<result name="searchAll">/student/listStudents.jsp</result>
			<result name="updateUI"></result>
			<result name="delete"></result>
		</action>	
    </package> -->

	<!-- 7.事务管理 -->
	<!-- 配置事务管理器 -->
	<bean id="txManager"
		class="org.springframework.orm.hibernate3.HibernateTransactionManager">
		<property name="sessionFactory" ref="sessionFactory"></property>
	</bean>

	<!-- 配置aop 将事务织入到xx方法上去 -->
	<!-- tx:advice-通知 tx:method-指定那些业务方法需要添加事务 -->
	<tx:advice id="txAdvice" transaction-manager="txManager">
		<tx:attributes>
			<!-- <tx:method name="*" />	 -->
			<tx:method name="get*" read-only="true"/>		
			<tx:method name="search*" read-only="true"/> 					
			<!-- <tx:method name="delete*"/>	 -->				
			<tx:method name="save*"/> 
			<tx:method name="update*"/> 
		</tx:attributes>
	</tx:advice>

	<!-- aop:config-aop的配置 aop:advisor- 切面 -->
	<aop:config>
		<aop:advisor advice-ref="txAdvice"
			pointcut="execution(* com.student.service..*.*(..))" />
	</aop:config> 

</beans>