<?xml version="1.0" encoding="UTF-8"?>
<!DOCTYPE struts PUBLIC
    "-//Apache Software Foundation//DTD Struts Configuration 2.5//EN"
    "http://struts.apache.org/dtds/struts-2.5.dtd">
<!-- 配置Action -->
<!-- 相当于控制器， 控制器要做的三件事： 1. 接收请求 2. 委托业务逻辑层处理数据 3. 转发请求 -->
<struts>
	<!-- 启动struts的开发模式 -->
	<constant name="conststruts.devMode" value="true" />
	<!-- 通过常量配置该应用所使用的字符集 -->
	<constant name="struts.i18n.encoding" value="UTF-8" />
	<constant name="struts.enable.DynamicMethodInvocation" value="true" />

	<package name="default" namespace="/" extends="struts-default">
		<!-- *为通配符,只出现在action name属性里 其他属性用 {1}、{2}、{N}表示第一,第二个,第N个占位符 -->
		<action name="*_student" class="com.student.action.StudentAction"
			method="{1}">
			<result name="searchAll">/student/listStudents.jsp</result>
			<result name="updateUI">/student/updateStudent.jsp</result>
			<!-- type="redirectAction" 转向Action -->
			<result name="update" type="redirectAction">searchAll_student</result>
			<result name="delete" type="redirectAction">searchAll_student</result>
			<!-- type="redirect" 重定向 不带数据到一个页面，用重定向 -->
			<!-- <result name="" type="redirect"></result> -->
			<allowed-methods>searchAll,updateUI,update,delete</allowed-methods>
		</action>
	</package>
</struts>